{
  "acc": 0.7832,
  "f1_macro": 0.2707,
  "confusion_matrix": [
    [
      37918,
      3969,
      36,
      1983,
      336
    ],
    [
      1779,
      32,
      3,
      17,
      6
    ],
    [
      1554,
      677,
      968,
      11,
      10
    ],
    [
      324,
      25,
      38,
      1,
      0
    ],
    [
      0,
      5,
      1,
      0,
      1
    ]
  ],
  "classification_report": {
    "N": {
      "precision": 0.9120384846662658,
      "recall": 0.8570589033045523,
      "f1-score": 0.8836943729097965,
      "support": 44242.0
    },
    "S": {
      "precision": 0.006796941376380629,
      "recall": 0.017419706042460535,
      "f1-score": 0.009778456837280366,
      "support": 1837.0
    },
    "V": {
      "precision": 0.9254302103250478,
      "recall": 0.30062111801242236,
      "f1-score": 0.45382090951711207,
      "support": 3220.0
    },
    "F": {
      "precision": 0.0004970178926441351,
      "recall": 0.002577319587628866,
      "f1-score": 0.0008333333333333334,
      "support": 388.0
    },
    "Q": {
      "precision": 0.0028328611898017,
      "recall": 0.14285714285714285,
      "f1-score": 0.005555555555555556,
      "support": 7.0
    },
    "accuracy": 0.7831931420292189,
    "macro avg": {
      "precision": 0.369519103090028,
      "recall": 0.2641068379608414,
      "f1-score": 0.27073652563061557,
      "support": 49694.0
    },
    "weighted avg": {
      "precision": 0.8721976610884749,
      "recall": 0.7831931420292189,
      "f1-score": 0.8165177893176767,
      "support": 49694.0
    }
  }
}